Handle,Title,Seo Optimized Product TITLE,Seo Optimized Product Description,Seo Optimized Google Meta Search engine Description,Failed
abs1009,Abstract Bisque Beige Oriental Area Rugs,Abstract Bisque Beige Contemporary Oriental Area Rugs,,,REDO
abs1000,Abstract Light Steel Blue Modern Area Rugs,Abstract Light Steel Blue Geometric Modern Area Rugs,"Introducing our strikingly beautiful Abstract Light Steel Blue Modern Area 
 Rugs. These contemporary rugs effortlessly blend style and sophistication, making 
 them a perfect addition to any modern living space. The 
 subtle steel blue color palette, combined with the abstract design, 
 creates a captivating focal point that complements various décor styles. 
 Crafted using high-quality materials, these area rugs are designed to 
 withstand everyday use while maintaining their luxurious appearance. The soft, 
 yet durable fibers provide a plush feel underfoot, offering unparalleled 
 comfort and coziness. With a sturdy construction, these rugs are 
 resistant to fading, staining, and shedding, ensuring their long-lasting beauty. 
 The abstract pattern of these modern area rugs adds an 
 artistic touch to any room. Its unique design features flowing 
 lines and asymmetrical shapes, creating a visually appealing contrast against 
 the steel blue background. This rug is a versatile choice, 
 suiting both formal and casual settings effortlessly. Available in various 
 sizes, you can select the perfect rug to fit your 
 space perfectly. Whether it's for a living room, bedroom, or 
 dining area, these rugs effortlessly tie the room together, instantly 
 upgrading its aesthetic appeal. Enhance your interior design with the 
 Abstract Light Steel Blue Modern Area Rugs and enjoy the 
 perfect blend of style and functionality. 
 ","Elevate your living space with our Abstract Light Steel Blue 
 Modern Area Rugs. Expertly crafted from high-quality materials, these contemporary 
 rugs boast a captivating abstract design in a subtle steel 
 blue color. Shop now to add a touch of sophistication 
 to your home! 
 ",
abs1005,Abstract Desert Sand Beige Oriental Area Rugs,Desert Sands Beige Oriental Area Rug- Exquisite Unique Design,"Add a touch of warmth and sophistication to your living 
 space with our Abstract Desert Sand Beige Oriental Area Rug. 
 Crafted with quality and precision, this rug features a stunning 
 blend of earthy hues, bringing the beauty of the desert 
 into your home. The abstract design adds a modern twist 
 to the traditional Oriental style, creating a perfect balance between 
 timeless elegance and contemporary flair. Made from high-quality materials, this 
 area rug is built to last. The soft and plush 
 texture feels luxurious underfoot, making it a cozy addition to 
 any room. Whether you place it in your living room, 
 bedroom, or dining area, this rug will instantly elevate the 
 ambiance of your space, creating a welcoming and inviting atmosphere. 
 The neutral color palette of desert sand beige complements a 
 wide range of interior décor styles, making this rug a 
 versatile choice for any home. The intricate Oriental pattern adds 
 an artistic touch, making it a focal point in your 
 room. This rug is available in various sizes, allowing you 
 to find the perfect fit for your space. Not only 
 does this Abstract Desert Sand Beige Oriental Area Rug enhance 
 the aesthetics of your home, but it also offers practical 
 benefits. Its thick pile helps to minimize noise and provides 
 insulation, keeping your floors warm during colder months. Additionally, the 
 stain-resistant and fade-resistant properties make it easy to clean and 
 maintain, ensuring its long-lasting beauty. Bring the beauty of the 
 desert into your home with our Abstract Desert Sand Beige 
 Oriental Area Rug. Shop now and experience the perfect blend 
 of style, comfort, and durability. -------------- 
 ","Enhance your living space with our Abstract Desert Sand Beige 
 Oriental Area Rug. Featuring an abstract design with earthy hues, 
 this rug adds a modern twist to the traditional Oriental 
 style. Crafted with quality materials, it offers softness underfoot and 
 a luxurious feel. The neutral color palette complements any décor, 
 while the stain-resistant and fade-resistant properties ensure easy maintenance. Shop 
 now and bring the beauty of the desert into your 
 home. 
 ",
abs1044,Abstract Azure Blue Modern Area Rugs,Azure Blue Modern Area Rug - Unique Contemporary Design for Home Decor,"Introducing our Abstract Azure Blue Modern Area Rugs: an exquisite 
 addition to any contemporary space. Crafted with utmost precision and 
 attention to detail, these rugs blend striking abstract patterns with 
 the serenity of the azure blue color palette. Made from 
 high-quality materials, these modern area rugs provide exceptional durability and 
 resilience, ensuring they will withstand the test of time. The 
 abstract patterns featured on our Azure Blue Modern Area Rugs 
 effortlessly capture attention and ignite conversations. Each rug boasts a 
 unique design that exudes artistic flair and modernity, making it 
 the perfect focal point for your living room, bedroom, or 
 office. The azure blue tones bring a calming and serene 
 ambiance to your space, creating a sense of tranquility and 
 sophistication. Not only do these modern area rugs elevate the 
 aesthetics of your space, but they also offer supreme comfort 
 underfoot. Their plush texture and soft pile height ensure a 
 luxurious feel with every step, making them ideal for busy 
 households or areas where you spend significant time standing. The 
 durability of our Azure Blue Modern Area Rugs is supported 
 by their excellent construction and materials. Crafted from premium fibers, 
 these rugs are highly resistant to stains, fading, and wear, 
 allowing them to maintain their vibrant azure blue color and 
 striking patterns for years to come. Additionally, their non-shedding design 
 significantly reduces maintenance efforts, making them a hassle-free addition to 
 your interior décor. Enhance the visual appeal and ambiance of 
 your space with our Abstract Azure Blue Modern Area Rugs. 
 Whether you seek to add a touch of modernity to 
 your home or create a contemporary atmosphere in your office, 
 these rugs are the perfect choice. Elevate your interior design 
 with the unique patterns, luxurious comfort, and exceptional durability of 
 our Azure Blue Modern Area Rugs. 
 ","Elevate your interior design with our captivating Abstract Azure Blue 
 Modern Area Rugs. Crafted with precision and featuring striking abstract 
 patterns, these rugs add a modern touch to any space. 
 The azure blue tones evoke tranquility, while the plush texture 
 ensures luxurious comfort. Made from durable materials, these rugs resist 
 stains, fading, and wear, ensuring long-lasting vibrancy. Bring sophistication and 
 artistry to your home or office with our Azure Blue 
 Modern Area Rugs. 
 ",
abs1045,Abstract Brown Modern Area Rugs,Brown Modern Abstract Area Rugs,"Introducing our Abstract Brown Modern Area Rug, a high-quality addition 
 to your home decor that effortlessly blends contemporary style with 
 timeless elegance. Crafted with meticulous attention to detail, this rug 
 showcases a mesmerizing combination of shades and patterns to create 
 a visually stunning focal point in any room. Made from 
 premium materials, this rug not only offers exceptional durability but 
 also ensures a soft and comfortable feel underfoot. The brown 
 color palette brings warmth and sophistication to your living space, 
 making it a versatile choice to complement various interior aesthetics. 
 Its modern abstract design adds an artistic touch, providing a 
 perfect balance between simplicity and boldness. The generous size of 
 this area rug allows for versatile placement options, whether it's 
 in your living room, bedroom, or dining area. Its low 
 pile height makes it easy to clean and maintain, ensuring 
 long-lasting beauty for years to come. With its non-slip backing, 
 you can enjoy peace of mind knowing that it will 
 stay securely in place, even in high-traffic areas. Elevate your 
 home decor and create a welcoming ambiance with our Abstract 
 Brown Modern Area Rug. Embrace the perfect blend of modern 
 design and cozy comfort, and transform your space into a 
 haven of style and relaxation. 
 ","Achieve a stylish and modern look for your living space 
 with our Abstract Brown Modern Area Rug. Crafted with precision, 
 this durable and soft rug combines contemporary design with timeless 
 elegance. Enjoy the perfect balance of simplicity and boldness, while 
 its brown color palette adds warmth to any room. Available 
 in various sizes, our rug is easy to clean and 
 features a non-slip backing for seamless placement. Elevate your home 
 decor with this versatile and eye-catching area rug today. 
 ",
abs1043,Abstract Peach Puff Gold Modern Area Rugs,Peach Puff Gold Abstract Modern Area Rug,"Introducing our stunning Abstract Peach Puff Gold Modern Area Rug! 
 Add a touch of sophistication and elegance to your living 
 space with this exquisite rug. Featuring a beautiful abstract design 
 in captivating peach puff and gold tones, this rug is 
 a perfect blend of modern flair and timeless charm. Crafted 
 with meticulous attention to detail, this area rug is made 
 from high-quality materials, ensuring durability and longevity. The plush pile 
 offers a luxurious feel underfoot, providing both comfort and style. 
 With its versatile size, this rug is ideal for a 
 wide range of spaces, from living rooms and bedrooms to 
 offices and study areas. Not only does this modern area 
 rug enhance the aesthetic appeal of your room, but it 
 also helps to create a cozy and inviting atmosphere. Its 
 unique design and vibrant colors effortlessly elevate any room's decor, 
 making it a standout piece that will impress your guests. 
 To ensure easy integration into your existing interior design, this 
 rug matches well with various color schemes and decor styles. 
 Whether you have a contemporary, minimalist, or eclectic theme, the 
 abstract peach puff and gold shades add a pop of 
 color and visual interest to any setting. Additionally, this rug's 
 easy maintenance is an added bonus. Simply vacuum regularly and 
 spot clean as needed to keep it looking fresh and 
 beautiful for years to come. Upgrade your space with our 
 Abstract Peach Puff Gold Modern Area Rug and experience the 
 perfect blend of style, comfort, and durability. Transform your room 
 into a stunning haven that reflects your unique personality and 
 sets a welcoming tone for all who enter. 
 ","Shop our Abstract Peach Puff Gold Modern Area Rug to 
 bring elegance and sophistication to your home. The stunning abstract 
 design in captivating peach puff and gold tones complements various 
 decor styles. Crafted with high-quality materials for durability and a 
 plush, luxurious feel. Transform your space into a haven with 
 this stylish and easy-to-maintain modern rug. 
 ",
abs1016,Abstract Light Brown Oriental Area Rugs,Unique SEO-Optimized Product Title: Exclusive Mahogany Sands Oriental Area Rugs,"Introduce elegance and sophistication into your living space with our 
 exquisite Abstract Light Brown Oriental Area Rug. This stunning rug 
 effortlessly combines modern design with traditional Oriental influences to create 
 a captivating centerpiece for any room. Crafted with utmost care 
 and attention to detail, this rug boasts a light brown 
 color palette that exudes warmth and tranquility. The abstract patterns 
 featured on the rug's surface add a contemporary touch, making 
 it a perfect choice for those looking to enhance their 
 modern interior decor. The intricate motifs are expertly woven, creating 
 a dynamic visual appeal that instantly elevates the overall ambiance 
 of your space. Made from high-quality materials, this rug ensures 
 durability and longevity, even in high-traffic areas. Not only does 
 this rug offer a visually pleasing aesthetic, but it also 
 provides a plush and comfortable surface to walk on. Whether 
 you place it in your living room, bedroom, or dining 
 area, the luxurious texture of this rug will enhance the 
 comfort of your home. Its generous size ensures that it 
 becomes the focal point of your room, effortlessly tying together 
 all the elements of your interior design. Invest in our 
 Abstract Light Brown Oriental Area Rug, and experience the perfect 
 combination of style, comfort, and durability. Transform your living space 
 into a haven of beauty and luxury with this exquisite 
 rug. 
 ","Enhance your living space with our stunning Abstract Light Brown 
 Oriental Area Rug. With its sleek design and intricate motifs, 
 this rug effortlessly combines contemporary style with traditional Oriental influences. 
 Crafted with the highest quality materials, it offers durability, comfort, 
 and a captivating aesthetic. Perfect for any room, this luxurious 
 rug will elevate your interior decor to new heights. Shop 
 now and transform your home into a haven of elegance. 
 ",
abs1046,Abstract Bright Maroon Red Modern Area Rugs,Vibrant Maroon Contemporary Area Rugs,"Introduce a touch of contemporary elegance to your space with 
 our Abstract Bright Maroon Red Modern Area Rug. Crafted with 
 utmost precision and attention to detail, this rug seamlessly blends 
 traditional design elements with a modern twist. The rich maroon 
 red color palette adds vibrancy and sophistication, making it a 
 perfect choice for any room decor. The abstract pattern of 
 this rug showcases intricate detailing and adds a captivating visual 
 interest to your floors. Made from high-quality materials, this rug 
 boasts durability, ensuring longevity even in high-traffic areas. Its soft 
 texture provides a comfortable underfoot experience, making it ideal for 
 cozying up on. Furthermore, the versatile size options available allow 
 you to choose the perfect fit for your space. Whether 
 it's the centerpiece of your living room or an accent 
 in your bedroom, this modern area rug will effortlessly enhance 
 the aesthetic appeal of your home decor. 
 ","Add a touch of elegance to your space with our 
 Abstract Bright Maroon Red Modern Area Rug. Expertly crafted with 
 contemporary design elements, it blends tradition with a modern twist. 
 Made from high-quality materials, this rug offers durability and is 
 perfect for any room. Choose from various size options. Shop 
 now! 
 ",
abs103,Abstract Sedona Brown Modern Area Rugs,Abstract Sedona Brown Contemporary Area Rugs,"Introducing our stunning Abstract Sedona Brown Modern Area Rug, a 
 true masterpiece of contemporary design. The unique abstract pattern and 
 rich brown tones make this rug a perfect choice for 
 adding a touch of sophistication and elegance to any living 
 space. Crafted with precision and attention to detail, our Sedona 
 Brown Modern Area Rug is made from high-quality materials that 
 ensure durability and long-lasting beauty. Its soft and plush texture 
 creates a comfortable and cozy feel underfoot, making it a 
 delightful addition to your home. This rug is not only 
 visually striking but also highly versatile. With its neutral brown 
 hues and abstract design, it effortlessly complements a wide range 
 of interior styles, from modern and minimalist to transitional and 
 eclectic. Whether placed in the living room, bedroom, or dining 
 area, this rug will enhance the overall aesthetic appeal of 
 your space. In addition to its captivating design, our Sedona 
 Brown Modern Area Rug also offers practicality. It effectively helps 
 to reduce noise and provides a comfortable surface for walking 
 and sitting. The rug's stain-resistant properties make it easy to 
 clean, ensuring hassle-free maintenance even in high-traffic areas. Choose our 
 Abstract Sedona Brown Modern Area Rug to elevate the style 
 and comfort of your home. Its excellent craftsmanship, timeless design, 
 and durability make it a valuable investment that will enhance 
 the ambiance of your space for years to come. 
 ","Add sophistication and elegance to your living space with our 
 Abstract Sedona Brown Modern Area Rug. Its unique abstract pattern 
 and rich brown tones make it a perfect choice for 
 any interior style. Crafted with high-quality materials, this rug is 
 durable and offers a soft and plush texture underfoot. Its 
 versatile design effortlessly complements various decor styles, while its stain-resistant 
 properties ensure easy maintenance. Elevate your home's ambiance with this 
 captivating and practical rug. 
 ",
abs1048,Abstract Purple Modern Area Rugs,Purple Abstract Modern Area Rugs - Unique Designs for a Stylish Home,"Introducing our Abstract Purple Modern Area Rugs – a stunning 
 addition to any contemporary home décor. Elevate your living space 
 with these visually captivating rugs that effortlessly blend style, sophistication, 
 and comfort. Crafted with utmost precision, these rugs showcase intricate 
 abstract patterns in various shades of purple, creating a vibrant 
 and dynamic atmosphere within your room. These modern area rugs 
 are expertly woven using high-quality materials that ensure durability and 
 longevity. The plush texture provides a luxurious feel underfoot, making 
 them perfect for lounging and entertaining. With their versatile size 
 options, our Abstract Purple Modern Area Rugs seamlessly integrate into 
 any room, from the living room to the bedroom or 
 even the office. Not only do these rugs offer a 
 visually pleasing aesthetic, but they also offer practicality. The stain-resistant 
 and fade-resistant properties allow for easy maintenance, making them ideal 
 for high-traffic areas. Additionally, the non-slip backing ensures the rugs 
 stay firmly in place, providing a safe and secure surface 
 for you and your loved ones. The Abstract Purple Modern 
 Area Rugs truly make a statement in any space they 
 adorn. Whether you are looking to revamp your home or 
 add a pop of color to a neutral room, these 
 rugs effortlessly become the centerpiece. So, immerse yourself in the 
 world of modern design and indulge in the beauty these 
 stunning rugs bring to your home. 
 ","Discover the allure of our Abstract Purple Modern Area Rugs 
 – expertly crafted to enhance any contemporary space. With their 
 exquisite abstract patterns and plush texture, these rugs bring sophistication 
 and comfort to your home. Explore our collection now! 
 ",
abs1047,Abstract Bisque Beige Modern Area Rugs,Modern Abstract Bisque Beige Geometric Area Rug,"Introducing our stunning Abstract Bisque Beige Modern Area Rugs, designed 
 to transform your living space into an oasis of contemporary 
 elegance. Crafted with meticulous attention to detail, these rugs boast 
 a soft and luxurious texture that invites you to sink 
 your feet into their plush pile. The mesmerizing abstract pattern 
 showcases a blend of soothing beige hues, creating a calming 
 and sophisticated ambiance in any room. Our Abstract Bisque Beige 
 Modern Area Rugs are not only aesthetically pleasing but also 
 highly practical. Made from durable and fade-resistant materials, these rugs 
 are built to withstand heavy foot traffic, making them perfect 
 for high-traffic areas such as living rooms, hallways, or even 
 offices. The non-shedding and easy-to-clean nature of these rugs ensure 
 hassle-free maintenance, allowing you to enjoy their beauty effortlessly for 
 years to come. With its versatile size (insert size options), 
 our Abstract Bisque Beige Modern Area Rugs can easily complement 
 various decor styles, from contemporary to minimalist or even bohemian. 
 Whether you want to add a touch of sophistication to 
 your bedroom or create a cozy and inviting atmosphere in 
 your living room, these rugs have got you covered. Invest 
 in the elegance and comfort of our Abstract Bisque Beige 
 Modern Area Rugs and elevate the style quotient of your 
 home. Experience the perfect blend of exquisite design, durability, and 
 practicality all in one rug. 
 ","Experience contemporary elegance with our Abstract Bisque Beige Modern Area 
 Rugs. Crafted with attention to detail, these rugs feature a 
 luxurious texture and soothing beige hues. Perfect for high-traffic areas, 
 they offer durability and easy maintenance. Elevate your home's style 
 and comfort today. 
 ",
abs1049,Abstract Tulip Pink Modern Area Rugs,Abstract Pink Tulip Modern Area Rugs,"Elevate your interior decor with the mesmerizing beauty of the 
 Abstract Tulip Pink Modern Area Rug. This exquisite rug combines 
 contemporary design with a harmonious blend of colors to create 
 a captivating visual masterpiece. Crafted with utmost precision, this rug 
 features an abstract tulip pattern in varying shades of pink, 
 creating a sense of depth and movement that instantly enlivens 
 any space. Made from high-quality materials, this rug is built 
 to last. The soft and plush pile adds a luxurious 
 touch underfoot, providing exceptional comfort and coziness. Its durable construction 
 ensures resistance to everyday wear and tear, making it perfect 
 for high-traffic areas of your home. The rug is also 
 stain-resistant, allowing for easy cleanup and maintenance. Not only does 
 this rug offer exceptional functionality, but it also serves as 
 a striking focal point in any room. The contemporary abstract 
 design adds a touch of modern sophistication, making it the 
 perfect addition to your living room, bedroom, or office space. 
 Whether placed under a coffee table, beneath a dining set, 
 or as a statement piece on its own, this rug 
 effortlessly enhances your decor and creates a welcoming ambiance. With 
 its versatile size options, you can find the perfect fit 
 for your space. Choose from various dimensions to ensure a 
 seamless integration into your existing layout. Additionally, the rug's low-profile 
 design allows for easy placement under furniture, ensuring a cohesive 
 and polished look. Transform your living space into a haven 
 of contemporary elegance with the Abstract Tulip Pink Modern Area 
 Rug. Its stunning design, durability, and luxurious feel make it 
 a must-have addition to your home decor. 
 ","Elevate your interior decor with the mesmerizing beauty of the 
 Abstract Tulip Pink Modern Area Rug. Crafted with precision and 
 featuring an abstract tulip pattern in varying shades of pink, 
 this rug adds a contemporary touch to any space. Made 
 from high-quality materials, it offers exceptional comfort and durability. With 
 its stain-resistant and low-profile design, this rug seamlessly blends into 
 your existing layout. Transform your living space with this captivating 
 rug today. 
 ",
abs1017,Abstract Light Brown Modern Area Rugs,Abstract Light Brown Contemporary Area Rug,"Introduce a touch of contemporary elegance to your home with 
 our Abstract Light Brown Modern Area Rug. Featuring a mesmerizing 
 blend of intricate patterns and soft neutrals, this rug effortlessly 
 complements any modern interior decor theme. Crafted with meticulous precision, 
 the rug is hand-tufted using premium quality materials to ensure 
 long-lasting durability and comfort underfoot. The abstract design of this 
 area rug adds a captivating visual element to your living 
 space, instantly enhancing the overall ambiance. Its light brown tones 
 create a soothing and warm atmosphere, inviting relaxation and tranquility. 
 Whether placed in the living room, bedroom, or study, this 
 rug brings a sense of sophistication and refinement to any 
 room. Not only does this modern rug serve as a 
 stylish decorative accent, but it also provides functionality. Its plush 
 pile height offers exceptional cushioning, making it a luxurious addition 
 to your home. Additionally, the rug is resilient to everyday 
 wear and tear, maintaining its original beauty even in high-traffic 
 areas. With its versatile size, this area rug fits perfectly 
 in various spaces, ranging from small apartments to spacious homes. 
 Easy to clean and maintain, it is the ideal choice 
 for busy households. Add an element of modern charm and 
 sophistication to your interior with our Abstract Light Brown Modern 
 Area Rug. 
 ","Enhance your home decor and create a contemporary oasis with 
 our Abstract Light Brown Modern Area Rug. Hand-tufted with precision 
 and crafted using premium materials, this light brown rug features 
 intriguing patterns that effortlessly blend with any modern interior. Relax 
 in comfort, elevate your ambiance, and experience long-lasting durability with 
 this luxurious area rug. 
 ",
abs1052,Abstract Deep Purple Modern Area Rugs,Deep Lavender Contemporary Carpet,"Introducing our stunning Abstract Deep Purple Modern Area Rugs, the 
 perfect addition to elevate the style and ambiance of your 
 space. Designed with the utmost precision and crafted using premium 
 materials, these rugs effortlessly combine contemporary aesthetics with timeless elegance. 
 The striking deep purple color palette adds a captivating touch 
 to any room, exuding a sense of luxury and sophistication. 
 The abstract design, with its fluid lines and geometric patterns, 
 creates an alluring visual impact that's sure to impress your 
 guests. Not only do these area rugs enhance the aesthetic 
 appeal of your space, but they also offer incredible comfort 
 and durability. Made from high-quality materials, they provide a plush 
 and soft underfoot feel, making them ideal for lounging, entertaining, 
 or walking barefoot. The superior construction ensures long-lasting performance, allowing 
 you to enjoy the beauty of these rugs for years 
 to come. With their versatile size and shape, our Abstract 
 Deep Purple Modern Area Rugs are suitable for various rooms 
 and spaces. Whether you want to add a touch of 
 opulence to your living room, upgrade your bedroom decor, or 
 create a chic and cozy atmosphere in your office or 
 lounge area, these rugs effortlessly adapt to any setting. Unleash 
 your creativity and pair these rugs with modern or traditional 
 furniture, creating a visually captivating and cohesive interior design. The 
 deep purple hue makes a bold statement when paired with 
 neutral or monochromatic color schemes, while also beautifully complementing a 
 wide range of other colors. Invest in our Abstract Deep 
 Purple Modern Area Rugs and transform your space into a 
 luxurious haven that reflects your sophisticated taste. Shop now and 
 immerse yourself in the beauty and elegance of these captivating 
 rugs. 
 ","Elevate your space with our luxurious Abstract Deep Purple Modern 
 Area Rugs. Crafted with precision and featuring a captivating deep 
 purple color palette, these rugs add a touch of modern 
 elegance to any room. Indulge in unmatched comfort and durability 
 as you enjoy the plush feel underfoot. Choose versatility and 
 style with our adaptable rugs, perfect for any space or 
 interior design. Shop now and experience the opulence of our 
 Abstract Deep Purple Modern Area Rugs. 
 ",
abs105,Abstract Sedona Brown Modern Area Rugs,Sedona Brown Contemporary Area Rugs,"Enhance the aesthetic appeal of your living space with the 
 exquisite Abstract Sedona Brown Modern Area Rug. This captivating rug 
 features a contemporary design that effortlessly blends traditional patterns with 
 modern sensibility. Crafted with precision and attention to detail, the 
 rug showcases a beautiful combination of brown, tan, and cream 
 tones that complement various interior settings. Made from high-quality materials, 
 this rug is designed to offer durability and long-lasting resilience. 
 The thick pile height provides a plush and comfortable feel 
 underfoot, making it perfect for lounging or entertaining guests. Additionally, 
 the rug's stain-resistant properties ensure easy maintenance and offer peace 
 of mind, especially in high-traffic areas. The Abstract Sedona Brown 
 Modern Area Rug serves as an ideal statement piece that 
 effortlessly ties together different elements of your room decor. Whether 
 placed in the living room, bedroom, or dining area, this 
 rug instantly adds warmth and visual interest. Embrace the fusion 
 of style and functionality with the Abstract Sedona Brown Modern 
 Area Rug, suitable for both contemporary and traditional homes. Elevate 
 your interior design game and create a welcoming ambiance with 
 this versatile and exquisite area rug. 
 ","Looking for a modern area rug to elevate your space? 
 Check out our Abstract Sedona Brown Modern Area Rug. Crafted 
 with precision, this rug seamlessly blends traditional and contemporary patterns 
 to harmonize with any decor style. With its durable construction 
 and stain-resistant properties, it offers both visual appeal and practicality. 
 Explore this exquisite rug now and enhance the aesthetics of 
 your living space. 
 ",
abs1050,Abstract Pink Modern Area Rugs,Abstract Pink Modern Area Rug - Vibrant and Chic Statement Piece for any Space,"Introducing our beautifully crafted Abstract Pink Modern Area Rug, designed 
 to add a touch of elegance and sophistication to any 
 space. With its contemporary style and captivating color palette, this 
 rug will instantly transform your room into a modern oasis. 
 Made with premium quality materials, the rug is exceptionally soft 
 to the touch and durable enough to withstand high traffic 
 areas. Its intricate abstract pattern, featuring various shades of pink, 
 adds a visually stunning dimension to your floors, making it 
 a true focal point of your decor. Not only does 
 this rug offer exceptional style, but it is also practical. 
 The dense pile height provides plush comfort underfoot, creating a 
 cozy and inviting atmosphere. Whether placed in your living room, 
 bedroom, or office, this rug is designed to enhance any 
 interior aesthetic. Additionally, our Abstract Pink Modern Area Rug is 
 easy to maintain. The stain-resistant and fade-resistant properties ensure that 
 it will retain its vibrant colors even after years of 
 use. Regular vacuuming and occasional spot cleaning are all that's 
 needed to keep it looking as good as new. Upgrade 
 your space with a rug that effortlessly combines style, comfort, 
 and durability. Our Abstract Pink Modern Area Rug is the 
 perfect choice for those seeking a visually appealing and functional 
 addition to their home or office. 
 ","Discover the epitome of elegance with our Abstract Pink Modern 
 Area Rug. This contemporary rug, featuring captivating shades of pink 
 in an intricate abstract pattern, instantly transforms any space into 
 a modern oasis. Crafted with premium quality materials, it offers 
 unmatched softness, durability, and stain resistance. Upgrade your decor with 
 this visually stunning and practical rug that will enhance your 
 living room, bedroom, or office. Shop now and experience the 
 perfect fusion of style and comfort. 
 ",
abs1054,Abstract Light Rose Green Modern Area Rugs,Modern Abstract Light Green Rose Area Rugs,"Introducing our beautiful and sophisticated Abstract Light Rose Green Modern 
 Area Rug. Infuse your living space with a touch of 
 elegance and contemporary style. Crafted with the highest quality materials, 
 this rug showcases a stunning combination of light rose and 
 green hues, creating a captivating design that effortlessly complements any 
 interior decor. The abstract pattern featured on this area rug 
 exudes a modern and artistic vibe, making it a standout 
 piece in any room. Its unique design adds texture and 
 complexity, elevating the overall aesthetic appeal of your space. Not 
 just visually appealing, this rug is also crafted to provide 
 exceptional comfort and durability. The soft fibres feel luxurious underfoot 
 while ensuring long-lasting resilience against daily wear and tear. Measuring 
 [insert dimensions], this modern area rug is perfect for various 
 areas of your home, including the living room, bedroom, or 
 even the office. The versatile size makes it suitable for 
 both small and large spaces. Its lightweight construction allows for 
 easy rearrangement and relocation, depending on your interior layout preferences. 
 In addition to its aesthetic and functional qualities, this rug 
 is also easy to clean and maintain. Regular vacuuming and 
 occasional spot cleaning are enough to keep it looking fresh 
 and vibrant for years to come. Whether you're decorating a 
 new home or simply looking to update your current space, 
 our Abstract Light Rose Green Modern Area Rug is the 
 perfect choice to enhance your decor while providing comfort and 
 style. Invest in this timeless piece and let it transform 
 your living space into a haven of modern elegance. Order 
 your Abstract Light Rose Green Modern Area Rug today! 
 ","Upgrade your interior decor with our stunning Abstract Light Rose 
 Green Modern Area Rug. Crafted with the highest quality materials, 
 this rug features a captivating abstract design in light rose 
 and green hues, adding a touch of contemporary sophistication to 
 any room. With its luxurious feel and exceptional durability, this 
 rug is perfect for various areas in your home. Order 
 now to enhance your decor effortlessly! 
 ",
abs1051,Abstract Blue Modern Area Rugs,Blue Abstract Modern Area Rugs: Unique Designs for Contemporary Interiors,"Enhance the visual appeal of your living space with our 
 stunning Abstract Blue Modern Area Rug. Crafted with meticulous attention 
 to detail, this rug features a contemporary design that effortlessly 
 complements any interior décor. The mesmerizing abstract blue pattern adds 
 a sophisticated touch to your floors, making it a perfect 
 choice for bedrooms, living rooms, and even offices. Made from 
 high-quality materials, this rug is not only visually appealing but 
 also durable and long-lasting. Its soft texture provides a cozy 
 and comfortable feel underfoot, ensuring a luxurious experience. Available in 
 various sizes, this versatile rug offers ample styling options to 
 suit your preferences. Transform your space with our Abstract Blue 
 Modern Area Rug and indulge in its exquisite charm. 
 ","Shop our Abstract Blue Modern Area Rugs and elevate your 
 home decor. With a captivating abstract blue pattern, these rugs 
 add a touch of sophistication to any room. Made from 
 high-quality materials, they offer durability and comfort. Available in various 
 sizes, create a luxurious feel in your space today. Please 
 note that search engine rankings are influenced by various factors, 
 such as website authority, keyword competition, and user behavior. While 
 this description is optimized for search engines, there is no 
 guarantee of first-page ranking on Google. 
 ",
abs1021,Abstract Dark Gold Brown Modern Area Rugs,Abstract Dark Gold Brown Modern Area Rugs - Exquisite Abstract Dark Gold Brown Contemporary Area Rugs for Modern Decor,"Introducing our Abstract Dark Gold Brown Modern Area Rugs, the 
 perfect addition to elevate the style and elegance of any 
 space. Crafted with utmost attention to detail, these rugs feature 
 a captivating abstract design in a sophisticated color palette of 
 dark gold and brown. Expertly woven using premium quality materials, 
 our modern area rugs offer durability and longevity. The soft 
 and plush texture of these rugs provides a comfortable and 
 luxurious feel underfoot, making them a perfect choice for high-traffic 
 areas or cozy lounging spaces. The abstract pattern adds a 
 contemporary touch to your interior decor, effortlessly blending with various 
 design themes. Whether placed in the living room, bedroom, or 
 office, these rugs will instantly transform your space into a 
 trendy and visually appealing haven. Our Dark Gold Brown Modern 
 Area Rugs are available in multiple size options, allowing you 
 to choose the perfect fit for your room. The high-quality 
 construction ensures easy maintenance, as they are resistant to fading, 
 stain, and wear. Invest in these stylish, seo optimized and 
 durable rugs to showcase your discerning taste and elevate the 
 ambiance of your home or office. Create a truly captivating 
 space with our Abstract Dark Gold Brown Modern Area Rugs. 
 ","Shop our Abstract Dark Gold Brown Modern Area Rugs for 
 a stylish and contemporary addition to your space. Crafted with 
 attention to detail, these rugs feature an abstract design in 
 a sophisticated color palette. Choose from multiple sizes. Durable and 
 easy to maintain. Elevate your home or office decor with 
 our seo optimized and visually appealing rugs. 
 ",
abs1053,Abstract Brown Modern Area Rugs,Abstract Brown Modern Area Rug,"Introducing our exquisite Abstract Brown Modern Area Rugs, the perfect 
 addition to elevate the style and comfort of any living 
 space. Crafted with exceptional attention to detail, these rugs seamlessly 
 blend contemporary design with timeless elegance. Featuring a striking abstract 
 pattern in rich shades of brown, our modern area rugs 
 serve as a focal point of artistic beauty, effortlessly tying 
 together your decor scheme. The intricate blend of a soft, 
 plush pile and durable materials ensures a luxurious feel underfoot 
 while withstanding everyday wear and tear. These versatile rugs are 
 available in various sizes, allowing you to effortlessly find the 
 perfect fit for any room. Whether placed in your living 
 room, bedroom, or dining area, these modern area rugs emanate 
 sophistication and create a warm, welcoming ambiance. Designed to meet 
 the highest quality standards, our Abstract Brown Modern Area Rugs 
 are crafted from premium materials that are not only visually 
 stunning but also easy to clean and maintain. With their 
 stain-resistant and fade-resistant properties, these rugs offer long-lasting beauty and 
 functionality. Boldly redefining your interior decor, these area rugs seamlessly 
 infuse contemporary flair with timeless elegance, making them an ideal 
 choice for modern, transitional, or eclectic settings. Upgrade your home's 
 style and create an inviting atmosphere with our Abstract Brown 
 Modern Area Rugs. Immerse yourself in luxurious comfort while enjoying 
 the exceptional artistic beauty they bring. 
 ","Elevate your home decor with our Abstract Brown Modern Area 
 Rugs. Designed with attention to detail, these rugs feature a 
 striking abstract pattern in rich brown shades. Crafted from premium 
 materials, they combine contemporary design with timeless elegance. Available in 
 various sizes, these versatile rugs are perfect for any room. 
 With their luxurious feel and durability, they effortlessly enhance your 
 living space. Discover artistic beauty and comfort with our Abstract 
 Brown Modern Area Rugs. 
 ",
abs1060,Abstract Light Brown Modern Area Rugs,Abstract Light Brown Contemporary Area Rugs,"Enhance the ambiance of your space with our exquisite Abstract 
 Light Brown Modern Area Rug. This stunning rug is designed 
 to add a touch of modern elegance to any room. 
 Crafted with meticulous attention to detail, it features an abstract 
 pattern in a soothing light brown color palette, creating a 
 perfect blend of contemporary style and warmth. This high-quality area 
 rug is expertly woven using premium materials, ensuring durability and 
 longevity. The soft and plush texture provides a luxurious feel 
 underfoot, making it ideal for living rooms, bedrooms, or any 
 area where comfort is desired. Its versatile design effortlessly complements 
 both traditional and contemporary decor, adding a sophisticated touch wherever 
 it is placed. In addition to its captivating aesthetics, this 
 modern area rug also offers practicality. It effectively absorbs sound, 
 reducing echoes and creating a more peaceful environment. The rug 
 is also resistant to stains and fading, making it easy 
 to maintain its pristine appearance. With its generous size and 
 non-slip backing, this area rug is suitable for use on 
 a variety of floor types, including hardwood, laminate, and tile. 
 It is also a great choice for households with pets 
 or children, as it provides a comfortable and safe surface 
 for them to play or relax. Elevate the style and 
 comfort of your space with our Abstract Light Brown Modern 
 Area Rug. Its timeless design, superb quality, and exceptional functionality 
 make it a must-have addition to any home. 
 ","Transform your space with our Abstract Light Brown Modern Area 
 Rug. Crafted with meticulous attention to detail, this contemporary rug 
 boasts a captivating abstract pattern in soothing light brown tones. 
 Made with premium materials for durability and comfort, it complements 
 any decor seamlessly. Explore our collection now! 
 ",
abs1055,Abstract Chrome Gold Yellow Modern Area Rugs,Abstract Chrome Gold Yellow Contemporary Area Rugs,"Elevate your space with our exquisite Abstract Chrome Gold Yellow 
 Modern Area Rug. Its captivating design and luxurious touch will 
 add a touch of sophistication and glamor to any room 
 in your home. Crafted with high-quality materials, this rug offers 
 durability and unmatched comfort underfoot. The abstract pattern features mesmerizing 
 shades of chrome, gold, and yellow, creating a stunning visual 
 display that effortlessly catches the eye. Its modern design perfectly 
 blends geometric shapes and contemporary elements, making it a versatile 
 addition to various interior styles, from minimalist to eclectic. Not 
 only does this rug enhance the aesthetics of your space, 
 but it also serves a practical purpose. The dense pile 
 provides a soft cushioning for your footsteps and effectively absorbs 
 noise, creating a peaceful environment. Its stain-resistant properties make maintenance 
 a breeze, ensuring long-lasting beauty and functionality. Whether you adorn 
 your living room, bedroom, office, or dining area, our Abstract 
 Chrome Gold Yellow Modern Area Rug will make a bold 
 statement and become the focal point of your decor. Available 
 in a range of sizes, you can choose the perfect 
 dimensions to fit your desired space. Transform your home with 
 an area rug that exudes elegance and contemporary charm. Click 
 'Add to Cart' today and elevate your space with our 
 Abstract Chrome Gold Yellow Modern Area Rug. 
 ","Elevate your space with our captivating Abstract Chrome Gold Yellow 
 Modern Area Rug. Crafted with high-quality materials, its mesmerizing abstract 
 pattern in chrome, gold, and yellow effortlessly catches the eye. 
 This modern rug offers durability, comfort, and stain-resistance, making it 
 perfect for any room in your home. Available in various 
 sizes. Choose elegance today! 
 ",
abs1059,Abstract Off White Beige Modern Area Rugs,Abstract Off White Beige Contemporary Area Rugs,"Introducing our stunning Abstract Off White Beige Modern Area Rug, 
 a contemporary masterpiece that effortlessly combines style and functionality. Crafted 
 with utmost precision, this rug will instantly elevate the allure 
 of any space in your home or office. Made from 
 high-quality materials, the rug boasts a soft and plush texture 
 that is a delight to walk on. Its unique abstract 
 design in soothing off white and beige hues offers a 
 versatile aesthetic, allowing it to seamlessly blend with various interior 
 styles. Whether your decor is modern, minimalist, or Scandinavian, this 
 rug will become the focal point that ties everything together. 
 Not only does our Abstract Off White Beige Modern Area 
 Rug enhance the visual appeal of your space, but it 
 also provides an extra layer of comfort and warmth. Place 
 it in your living room, bedroom, or dining area to 
 create a cozy atmosphere that invites relaxation and a sense 
 of luxury. Designed with durability in mind, this rug is 
 resistant to everyday wear and tear, ensuring its longevity. Its 
 stain-resistant properties make cleaning a breeze, allowing you to effortlessly 
 maintain its pristine appearance over time. With a size of 
 [insert dimensions], the rug offers ample coverage for larger areas 
 while remaining proportional in smaller spaces. Its non-slip backing provides 
 added safety, preventing any accidental slips or falls. Invest in 
 our Abstract Off White Beige Modern Area Rug, and experience 
 the perfect blend of style, quality, and practicality. Transform your 
 living space into a haven of elegance and comfort today. 
 ","Achieve the ultimate contemporary transformation with our Abstract Off White 
 Beige Modern Area Rug. Crafted with precision and designed to 
 enhance any space with its abstract off white and beige 
 hues, this rug combines style and functionality effortlessly. Experience luxury, 
 comfort, and durability in one exquisite piece. Perfect for modern, 
 minimalist, or Scandinavian interiors. Shop now! 
 ",
abs1056,Abstract Dark Almond Brown Modern Area Rugs,Abstract Almond Brown Modern Area Rug,"Experience unrivaled comfort and modern elegance with our Abstract Dark 
 Almond Brown Modern Area Rug. Crafted with meticulous attention to 
 detail, this exquisite rug adds a touch of sophistication to 
 any room. The rich, dark almond brown color combined with 
 the abstract pattern creates a stunning visual impact that effortlessly 
 enhances your existing decor. Made from high-quality materials, this rug 
 is designed to withstand everyday use and maintain its beauty 
 for years to come. The soft and plush surface offers 
 a luxurious feel underfoot, while the durable construction ensures long-lasting 
 durability. Whether placed in your living room, bedroom, or office, 
 this versatile rug adds warmth and style to any space. 
 Featuring precise edges and a non-slip backing, this area rug 
 stays securely in place, preventing accidental slips and trips. The 
 low pile height makes it easy to clean, requiring minimal 
 effort to keep it looking fresh and inviting. Invest in 
 the luxurious comfort and timeless beauty of our Abstract Dark 
 Almond Brown Modern Area Rug. Elevate your interior decor with 
 this stunning piece and enjoy the compliments it garners from 
 guests. 
 ","Enhance your living space with our Abstract Dark Almond Brown 
 Modern Area Rug. Designed with elegance in mind, this high-quality 
 rug features a rich brown color and abstract pattern that 
 effortlessly complements any decor. Get comfort and style in one 
 stunning package. Shop now! 
 ",
abs1057,Abstract Beige Modern Area Rugs,Abstract Beige Contemporary Area Rugs,"Enhance your living space with the exquisite beauty of our 
 Abstract Beige Modern Area Rug. Crafted with meticulous attention to 
 detail, this rug effortlessly brings a touch of sophistication to 
 any room. Its abstract design features swirls and waves in 
 various sizes, creating an intriguing visual appeal that captivates the 
 eye. This modern area rug is expertly made from high-quality 
 materials, ensuring long-lasting durability and resistance to everyday wear and 
 tear. The neutral beige tones blend seamlessly with any decor 
 style, allowing you to effortlessly update the look of your 
 home. The soft and plush pile adds a luxurious feel 
 underfoot, providing comfort and coziness to your living space. Not 
 only does this rug elevate the aesthetic appeal of your 
 room, but it also brings functional benefits. Its dense construction 
 acts as a sound insulator, reducing noise transmission between floors 
 or rooms. Additionally, it provides a protective layer on your 
 flooring, preventing scratches and scuffs. Available in various sizes, our 
 Abstract Beige Modern Area Rug is versatile, allowing you to 
 find the perfect fit for any room in your home. 
 Whether placed in your living room, bedroom, or office, this 
 rug is sure to create a warm and inviting atmosphere 
 that you and your guests will love. Add a touch 
 of modern elegance to your home with our Abstract Beige 
 Modern Area Rug. Its timeless design, durable construction, and superior 
 comfort make it a must-have addition to your interior decor. 
 ","Revamp your living space with our Abstract Beige Modern Area 
 Rug. Crafted with exquisite attention to detail, this high-quality rug 
 features an intriguing abstract design in neutral beige tones. Elevate 
 the aesthetic appeal of any room while enjoying the comfort 
 and functionality of this timeless rug. Shop now for the 
 perfect fit and enhance your home decor effortlessly. 
 ",
abs1058,Abstract Bronze Brown Modern Area Rugs,Abstract Bronze Brown Contemporary Area Rugs,"Transform your living space into a contemporary haven with our 
 Abstract Bronze Brown Modern Area Rug. Crafted with meticulous attention 
 to detail, this stunning rug features an abstract pattern that 
 effortlessly blends modern design with timeless elegance. The rich bronze 
 and brown hues add a sense of warmth and luxury 
 to any room, making it a perfect addition to your 
 home decor. Made from high-quality materials, this modern area rug 
 offers durability and comfort underfoot. Its soft and plush texture 
 provides a luxurious feel, while the sturdy construction ensures long-lasting 
 performance. The intricate pattern adds visual interest, making it a 
 focal point of any room. Whether you place it in 
 your living room, bedroom, or study, this rug will enhance 
 the ambiance and tie together your interior design effortlessly. Designed 
 to withstand everyday wear and tear, our Abstract Bronze Brown 
 Modern Area Rug is easy to maintain. Simply vacuum regularly 
 and spot clean as needed to keep it looking fresh 
 and vibrant. Available in various sizes, you can choose the 
 perfect dimensions to fit your space and achieve a cohesive 
 look. Experience the perfect combination of style, durability, and comfort 
 with our Abstract Bronze Brown Modern Area Rug. Elevate your 
 home decor and create an inviting atmosphere that reflects your 
 unique taste. Order now and enjoy the luxurious appeal this 
 exquisite rug brings to your living space. 
 ","Shop our Abstract Bronze Brown Modern Area Rugs to add 
 a touch of contemporary elegance to your home. Crafted with 
 attention to detail, these rugs feature an abstract pattern in 
 rich bronze and brown hues. Choose from various sizes and 
 enjoy a durable, plush, and easy-to-maintain rug that ties your 
 interior design together effortlessly. Order now for a luxurious addition 
 to your living space. 
 ",
abs1032,Abstract Mustard Yellow Modern Area Rugs,Abstract Mustard Yellow Geometric Pattern Modern Area Rug,"Enhance the visual appeal of your living space with our 
 striking Abstract Mustard Yellow Modern Area Rug. Designed to infuse 
 a touch of contemporary elegance, this rug effortlessly combines style 
 and functionality. With its stunning mustard yellow color, the rug 
 brings warmth and vibrancy to any room, creating an inviting 
 and modern atmosphere. Crafted with utmost precision, our Abstract Mustard 
 Yellow Modern Area Rug is made from high-quality materials that 
 ensure durability and longevity. The soft yet resilient fibers provide 
 a comfortable feel underfoot while maintaining its shape and texture 
 even after years of use. The abstract pattern adds a 
 unique and artistic element to your decor, making it a 
 perfect choice for those seeking a statement piece. Its versatile 
 size (insert rug dimensions) fits well in various areas, such 
 as living rooms, bedrooms, or even home offices, adding a 
 pop of color and character to any setting. In addition 
 to its exceptional aesthetics, this modern area rug is also 
 easy to maintain. Its stain-resistant and fade-resistant properties allow for 
 hassle-free cleaning, ensuring it remains in pristine condition even in 
 high-traffic areas. Regular vacuuming and occasional spot-cleaning are all that's 
 needed to keep it looking fresh and vibrant. Transform your 
 space with the captivating appeal of our Abstract Mustard Yellow 
 Modern Area Rug. Enliven your interior design while providing a 
 cozy surface for all to enjoy. Order now and experience 
 the perfect blend of style, quality, and comfort in one 
 stunning rug. 
 ","Elevate your home decor with our Abstract Mustard Yellow Modern 
 Area Rug. Boasting a vibrant mustard yellow hue and an 
 eye-catching abstract pattern, this rug adds contemporary elegance to any 
 room. Made from durable materials and designed for easy maintenance, 
 it's the perfect blend of style and functionality. Order now 
 for a stunning statement piece that will transform your space. 
 ",
abs1067,Abstract Brown Modern Area Rugs,Abstract Brown Modern Area Rug: Artistic Distinction for your Contemporary Space,"Enhance the aesthetic appeal of your living space with our 
 exquisite Abstract Brown Modern Area Rug. Crafted with meticulous attention 
 to detail, this rug effortlessly blends contemporary style with timeless 
 elegance. The intricate abstract pattern in shades of brown creates 
 a visually striking effect, making it a perfect focal point 
 for any room. Made from premium quality materials, this rug 
 is designed to withstand the test of time. The high-density 
 fibers offer exceptional durability and ensure that the rug retains 
 its shape and beauty even in high-traffic areas. With its 
 soft and plush texture, it provides unparalleled comfort underfoot, making 
 it an ideal choice for any family. The versatile brown 
 color palette complements a wide range of interior design styles, 
 from modern to transitional, adding warmth and sophistication to your 
 home decor. Whether you place it in your living room, 
 bedroom, or dining area, this modern area rug effortlessly ties 
 the elements of your space together in a cohesive and 
 stylish manner. Taking care of this rug is a breeze, 
 as it is stain-resistant and easy to clean. Simply vacuum 
 regularly and blot any spills promptly to maintain its pristine 
 condition. The non-shedding nature of the rug ensures that your 
 space remains neat and free from loose fibers that can 
 cause allergies or irritations. Elevate your home decor with the 
 captivating beauty of our Abstract Brown Modern Area Rug. Shop 
 now and transform your space into a haven of style 
 and comfort. 
 ","Enhance your living space with our Abstract Brown Modern Area 
 Rug. Exquisite design, durability, and softness make it perfect for 
 any room. Shop now and elevate your home decor. 
 ",
abs1061,Abstract Gold Modern Area Rugs,Abstract Gold Contemporary Area Rugs,,,REDO
abs1062,Abstract Deep Peach Orange Modern Area Rugs,Deep Peach Orange Abstract Modern Area Rug,"Introducing our stunning Abstract Deep Peach Orange Modern Area Rugs! 
 These contemporary rugs are designed to bring a vibrant and 
 modern touch to your living space. The rich combination of 
 deep peach and orange hues creates a captivating and enticing 
 visual appeal, making it a perfect addition to any room. 
 Crafted with exceptional attention to detail, our Abstract Deep Peach 
 Orange Modern Area Rugs feature a soft and luxurious texture 
 that feels incredible beneath your feet. The high-quality materials used 
 ensure long-lasting durability, making these rugs a wise investment for 
 your home. The abstract design of these rugs adds an 
 artistic flair to your space, effortlessly complementing both traditional and 
 modern decor styles. Whether placed in your living room, bedroom, 
 or office, our Abstract Deep Peach Orange Modern Area Rugs 
 will instantly elevate the ambiance and create an inviting atmosphere. 
 Not just visually appealing, these rugs also provide a practical 
 solution for noise reduction and added comfort. Their plush pile 
 height offers a cushioned feel, reducing the impact and strain 
 on your joints while walking or standing for extended periods. 
 Our Abstract Deep Peach Orange Modern Area Rugs are available 
 in various sizes, allowing you to find the perfect fit 
 for your desired space. The carefully crafted edges ensure a 
 clean and polished finish, adding to their overall beauty. Revitalize 
 your home with our Abstract Deep Peach Orange Modern Area 
 Rugs and create an eye-catching focal point that will impress 
 your guests. Order yours today and experience the perfect blend 
 of style, comfort, and durability! 
 ","Looking for a contemporary touch for your home? Our Abstract 
 Deep Peach Orange Modern Area Rugs offer a vibrant and 
 artistic addition to any room. Crafted with attention to detail 
 using high-quality materials, these rugs bring comfort, style, and durability 
 to your living space. Choose from various sizes to find 
 the perfect fit and create an inviting ambiance that will 
 impress. Order now and revitalize your home with our stunning 
 Abstract Deep Peach Orange Modern Area Rugs. 
 ",
abs106,Abstract Red Modern Area Rugs,Abstract Red Modern Area Rug - Unique Statement Piece for Contemporary Decor,"Add a vibrant and contemporary touch to your living space 
 with our stunning Abstract Red Modern Area Rug. Crafted with 
 precision, this rug showcases an eye-catching abstract design, featuring bold 
 shades of red that effortlessly create a sense of energy 
 and sophistication in any room. Constructed with high-quality materials, this 
 rug ensures both durability and comfort. The soft and plush 
 texture feels luxurious underfoot, providing a cozy and welcoming feel 
 to your home. The captivating abstract pattern adds depth and 
 visual interest, making it a perfect centerpiece for your living 
 room, bedroom, or even office. Not only does this modern 
 area rug enhance the aesthetics of your space, but it 
 also offers practical functionality. The stain-resistant and fade-resistant properties make 
 it ideal for high-traffic areas or homes with pets and 
 children. Additionally, the rug's low-pile height allows for easy maintenance 
 and cleaning. With its non-slip backing, this rug stays securely 
 in place, providing stability and preventing slips or accidents. The 
 generous size options available ensure a perfect fit for any 
 room. Whether you want to create a focal point or 
 complement existing decor, the Abstract Red Modern Area Rug is 
 a versatile choice that adds a burst of color and 
 style to your home. Experience the perfect blend of artistry 
 and functionality with our Abstract Red Modern Area Rug. A 
 bold and captivating addition to any space, this rug will 
 undoubtedly impress your guests and elevate the overall ambiance of 
 your room. 
 ","Elevate your living space with our Abstract Red Modern Area 
 Rug. Crafted with precision, this high-quality rug features a captivating 
 abstract design in shades of red. Stain-resistant and durable, it's 
 perfect for high-traffic areas. Shop now for a vibrant and 
 contemporary touch. 
 ",
abs1063,Abstract Blanched Almond Beige Modern Area Rugs,Abstract Beige Blanched Almond Modern Area Rugs,"Upgrade your living space with the mesmerizing beauty of our 
 Abstract Blanched Almond Beige Modern Area Rug. Crafted with meticulous 
 attention to detail, this rug seamlessly blends contemporary design with 
 timeless elegance. The subtle beige hue, reminiscent of blanched almonds, 
 creates a serene and sophisticated atmosphere, making it a perfect 
 addition to any room. Featuring an abstract pattern, the rug 
 adds a sense of depth and dimension to your floor, 
 effortlessly elevating the overall aesthetic. The high-quality construction ensures durability 
 and longevity, allowing you to enjoy the rug's beauty for 
 years to come. Its soft and plush texture provides a 
 luxurious underfoot experience, making it the ideal rug for cozying 
 up in your favorite nook. Not only does this area 
 rug serve as a stunning centerpiece, but it also acts 
 as a practical addition to your home decor. The superior 
 stain and fade resistance make it easy to clean and 
 maintain, even in high-traffic areas. The low pile height ensures 
 seamless furniture placement and easy vacuuming, while the non-slip backing 
 keeps the rug securely in place. Embrace sophistication and contemporary 
 style with our Abstract Blanched Almond Beige Modern Area Rug. 
 Whether you are looking to refresh your living room, bedroom, 
 or office space, this rug is guaranteed to become an 
 instant focal point, tying together your interior design elements effortlessly. 
 ","Introduce elegance and sophistication into your home with our Abstract 
 Blanched Almond Beige Modern Area Rug. Expertly crafted to seamlessly 
 blend contemporary design with timeless beauty, this rug adds depth 
 and dimension to any living space. Its soft and plush 
 texture, stain resistance, and non-slip backing make it a practical 
 and luxurious choice. Explore our collection now and elevate your 
 home decor to new heights. 
 ",
abs1064,Abstract Beige Modern Area Rugs,Beige Abstract Modern Area Rug,"Introducing our stunning Abstract Beige Modern Area Rugs, the perfect 
 addition to elevate the aesthetics of your living space. Crafted 
 with precision and style in mind, these rugs are designed 
 to seamlessly blend into any contemporary or modern décor. Featuring 
 an enchanting abstract pattern in a soothing beige color, these 
 area rugs bring a touch of sophistication to your floors. 
 The intricate design is meticulously woven using premium quality materials, 
 ensuring durability and longevity without compromising on comfort. Our Abstract 
 Beige Modern Area Rugs are available in various sizes, allowing 
 you to choose the perfect fit for any room in 
 your home. Whether you want to add a focal point 
 to your living room or give your bedroom a stylish 
 makeover, these rugs are versatile enough to fulfill all your 
 interior design desires. Not only do these rugs offer exquisite 
 aesthetics, but they also provide a cozy underfoot experience. The 
 plush texture feels incredibly soft against your skin, making it 
 a delight to walk or lounge on. Additionally, the high-quality 
 construction resists shedding, ensuring easy maintenance and a long-lasting beauty. 
 Experience the perfect blend of style, comfort, and durability with 
 our Abstract Beige Modern Area Rugs. Transform your space effortlessly 
 and let these rugs become the centerpiece of your home 
 décor. 
 ","Shop our Abstract Beige Modern Area Rugs and bring sophistication 
 and style to your living space. Crafted with precision, these 
 rugs boast an enchanting abstract pattern in soothing beige. Choose 
 from various sizes for a perfect fit in any room. 
 Experience the plush comfort and durability that our rugs offer. 
 Transform your home effortlessly with our Abstract Beige Modern Area 
 Rugs. 
 ",
abs1065,Abstract Blue Modern Area Rugs,Blue Abstract Modern Area Rugs,"Introducing our stunning Abstract Blue Modern Area Rug, a true 
 masterpiece that effortlessly combines contemporary design with utmost elegance. Crafted 
 with meticulous care, this rug is an impeccable fusion of 
 style and functionality. The captivating abstract blue patterns exhibit a 
 sense of artistic allure, making it a perfect addition to 
 any modern home decor. Made from high-quality materials, our Abstract 
 Blue Modern Area Rug boasts exceptional durability, ensuring it withstands 
 everyday wear and tear. The soft yet firm texture provides 
 a luxurious feel underfoot, making it a delightful choice for 
 bedrooms, living rooms, or even offices. The carefully chosen shades 
 of blue create a soothing ambiance, promoting relaxation and tranquility. 
 This rug's versatility knows no bounds, as it adapts effortlessly 
 to both minimalist and bold interior themes. Its abstract design 
 adds a touch of creativity and sophistication to any space, 
 making it suitable for contemporary or eclectic styles. Available in 
 various sizes, you can choose the perfect fit for your 
 desired area, whether it's a cozy reading nook or a 
 spacious living area. With its easy-to-clean and low-maintenance characteristics, the 
 Abstract Blue Modern Area Rug offers both convenience and beauty. 
 Vacuuming or spot cleaning is all it takes to keep 
 this rug looking pristine. Its colorfastness ensures the blue tones 
 stay vibrant and true, even after years of use. Enhance 
 your living space with the mesmerizing charm of our Abstract 
 Blue Modern Area Rug. It not only serves as a 
 visually stunning statement piece but also provides comfort and functionality 
 that will exceed your expectations. Elevate your home decor to 
 new heights with this exquisite rug that effortlessly combines contemporary 
 design with timeless elegance. 
 ","Experience the perfect blend of contemporary design and elegance with 
 our Abstract Blue Modern Area Rug. Crafted with the utmost 
 care, this rug's captivating abstract blue patterns will add a 
 touch of artistic allure to your space. Made from high-quality 
 materials, it ensures durability and a luxurious feel underfoot. Transform 
 your home decor with this versatile and low-maintenance rug today! 
 ",
abs1066,Abstract Wheat Beige Modern Area Rugs,Abstract Wheat Beige Contemporary Area Rugs,"Introducing our exceptional Abstract Wheat Beige Modern Area Rugs, a 
 must-have addition to elevate your home décor. Meticulously crafted with 
 utmost precision, these exquisite rugs effortlessly combine modern design with 
 timeless elegance. The captivating abstract pattern in soothing wheat beige 
 tones adds depth and visual interest to any room, creating 
 a stylish focal point that complements a variety of interior 
 styles. Not only are these modern area rugs visually stunning, 
 but they also offer unbeatable functionality. Carefully selected premium materials 
 ensure durability and long-lasting beauty. The soft and dense fibers 
 provide a luxurious feel underfoot, making these rugs perfect for 
 adding comfort to your living space. Additionally, the sturdy construction 
 ensures superior resistance to everyday wear and tear, making them 
 ideal for high-traffic areas. Our Abstract Wheat Beige Modern Area 
 Rugs are available in multiple sizes, allowing you to find 
 the perfect fit for any room in your home. Whether 
 you want to enhance your living room, bedroom, or even 
 your office, these rugs will effortlessly transform your space into 
 a stylish sanctuary. The neutral wheat beige color palette ensures 
 easy coordination with existing furniture and décor, while the abstract 
 design adds a touch of artistic flair that never goes 
 out of style. Upgrade your home with our Abstract Wheat 
 Beige Modern Area Rugs and experience the perfect blend of 
 contemporary design and exceptional quality. Immerse yourself in the cozy 
 comfort they provide while enjoying the admiration of guests who 
 will undoubtedly be captivated by their beauty. 
 ","Elevate your home decor with our Abstract Wheat Beige Modern 
 Area Rugs. Crafted with meticulous precision, these rugs effortlessly combine 
 modern design and timeless elegance. Experience the captivating abstract pattern 
 in soothing wheat beige tones, adding depth and interest to 
 any room. Upgrade your space with the perfect blend of 
 contemporary design and exceptional quality. Available in multiple sizes, these 
 luxurious and durable rugs are a must-have addition to create 
 a stylish sanctuary in your home. 
 ",
abs1068,Abstract Dark Olive Green Modern Area Rugs,Contemporary Abstract Dark Olive Green Area Rugs for Modern Interiors,"Elevate your living space with our luxurious Abstract Dark Olive 
 Green Modern Area Rug. Crafted with utmost precision and contemporary 
 design, this stunning rug adds a touch of sophistication and 
 elegance to any room. Its unique abstract pattern in dark 
 olive green hues creates a visually appealing focal point, effortlessly 
 enhancing the overall aesthetics of your home. Made from high-quality 
 materials, this modern area rug is not only visually striking 
 but also highly durable. The soft and plush texture adds 
 a comforting feel underfoot, providing a cozy and inviting atmosphere. 
 Its dense pile height ensures excellent resilience against wear and 
 tear, making it suitable for high-traffic areas. Designed to complement 
 various interior styles, this dark olive green rug effortlessly blends 
 with modern, transitional, and even traditional decor. Whether placed in 
 the living room, bedroom, or dining area, it seamlessly ties 
 the elements of your room together, creating a harmonious and 
 inviting ambiance. Our Abstract Dark Olive Green Modern Area Rug 
 is easy to clean and maintain, ensuring long-lasting beauty and 
 functionality. Regular vacuuming and occasional spot cleaning are all it 
 takes to keep this rug looking fresh and vibrant. Revitalize 
 your home decor with the Abstract Dark Olive Green Modern 
 Area Rug and enjoy the perfect blend of versatility, style, 
 and durability. 
 ","Elevate your home decor with our luxurious Abstract Dark Olive 
 Green Modern Area Rug. Crafted with precision and contemporary design, 
 this visually striking rug adds sophistication and elegance to any 
 room. Made from high-quality materials, it's both durable and soft 
 underfoot. Complementing a variety of interior styles, this rug is 
 perfect for modern, transitional, and traditional decor. Easy to clean 
 and maintain, enjoy long-lasting beauty with this versatile and stylish 
 area rug. 
 ",
abs107,Abstract Orange Gold Modern Area Rugs,Golden Splendor Abstract Orange Modern Area Rugs,"Enhance the aesthetic appeal of your living space with our 
 exquisite Abstract Orange Gold Modern Area Rug. Expertly crafted with 
 a blend of bold colors and contemporary design, this rug 
 effortlessly adds a touch of elegance to any room. The 
 vibrant orange and gold tones create a captivating visual effect 
 that is sure to be a focal point in your 
 home. Made from high-quality materials, our modern area rug is 
 not only visually appealing but also durable and long-lasting. The 
 soft and plush texture provides a comfortable feel underfoot, making 
 it perfect for walking, lounging, or entertaining. Its stain-resistant and 
 fade-resistant properties ensure that the rug retains its vibrant colors 
 and stunning design for years to come. With its abstract 
 pattern, this rug offers endless possibilities for styling and decorating 
 your space. Whether you prefer a modern, eclectic, or traditional 
 theme, this versatile rug effortlessly complements a variety of interior 
 styles. Place it in the living room, bedroom, or dining 
 area to create a warm and inviting ambiance. Its generous 
 size ensures ample coverage, making it suitable for larger rooms 
 as well. In addition to its aesthetic appeal, our Abstract 
 Orange Gold Modern Area Rug also offers practical benefits. It 
 effectively reduces noise and echoes, enhancing the acoustics of your 
 room. The non-slip backing ensures added safety, providing stability and 
 preventing accidental slips and falls. Cleaning and maintenance are a 
 breeze, as the rug is resistant to shedding and easy 
 to vacuum. Elevate your home decor with our Abstract Orange 
 Gold Modern Area Rug and experience the perfect combination of 
 style, comfort, and durability. Create a statement piece that not 
 only catches the eye but also ranks high on functionality. 
 ","Add an exquisite touch to your living space with our 
 Abstract Orange Gold Modern Area Rug. Crafted with vibrant colors 
 and contemporary design, this rug offers elegance and durability. Perfect 
 for any room, it complements various interior styles. Experience comfort, 
 style, and functionality with this bold and captivating rug. Shop 
 now! 
 ",
abs1073,Abstract Pink Modern Area Rugs,Abstract Pink Modern Area Rug: Unique and Contemporary Floor Covering in Vibrant Pink,"Our Abstract Pink Modern Area Rugs are the perfect addition 
 to any contemporary or minimalist interior. Crafted with precision and 
 creativity, these rugs effortlessly blend functionality and style to create 
 a one-of-a-kind focal point in your space. The abstract pattern 
 of these rugs features elegant shades of pink, blending seamlessly 
 with your existing décor while adding a touch of modernity. 
 The intricate design adds visual interest and depth to your 
 room, making it the perfect choice for living rooms, bedrooms, 
 or even offices. Not only do these area rugs enhance 
 the aesthetics of your space, but they also provide practical 
 benefits. The high-quality materials used in their construction ensure durability 
 and long-lasting performance. You can confidently place furniture or walk 
 over them without worrying about wear and tear. Additionally, their 
 soft and plush texture offers a comfortable surface to walk 
 on, reaffirming their functionality. Cleaning and maintenance are a breeze 
 thanks to their stain-resistant and easy-to-clean nature. Simply vacuum regularly 
 or spot clean with mild soapy water to keep them 
 looking fresh and vibrant for years to come. Available in 
 different sizes, our Abstract Pink Modern Area Rugs allow you 
 to choose the perfect fit for your space. Whether you 
 want a small accent rug or a large centerpiece, we 
 have options to cater to your specific needs. Elevate your 
 interior design and create a statement with our Abstract Pink 
 Modern Area Rugs. Shop now and bring a harmonious blend 
 of artistry, style, and functionality into your home! 
 ","Enhance your space with our Abstract Pink Modern Area Rugs. 
 Crafted with precision and creativity, these rugs effortlessly elevate your 
 interior design while offering durability and functionality. Available in various 
 sizes, shop now to bring a touch of modernity to 
 your home! 
 ",
abs1069,Abstract Pink Violet Pink Modern Area Rugs,Abstract Pink Violet Modern Area Rugs: Unique and Stylish Floor Coverings,"Introducing our breathtaking Abstract Pink Violet Pink Modern Area Rug, 
 a truly stunning addition to any contemporary living space. With 
 its vibrant color palette and modern design, this rug effortlessly 
 brings a touch of elegance and sophistication to your home 
 decor. The captivating abstract pattern features swatches of pink and 
 violet hues that gracefully blend together, creating a visually striking 
 piece. Crafted with precision and made from high-quality materials, this 
 area rug boasts durability and longevity while providing a plush 
 and comfortable feel underfoot. Its soft texture is gentle on 
 your feet, making it perfect for cozying up in your 
 living room or bedroom. The vibrant colors are fade-resistant, ensuring 
 that the rug maintains its captivating allure for years to 
 come. Not only does this Abstract Pink Violet Pink Modern 
 Area Rug enhance the aesthetic appeal of your space, but 
 it also works wonders in completing your interior design. Its 
 versatile dimensions allow for effortless integration into various room sizes, 
 while the abstract pattern adds an element of visual interest 
 to any decor style. Whether you're seeking a statement piece 
 to anchor your furniture or an accent rug to tie 
 your room together, this rug is a versatile choice. The 
 Abstract Pink Violet Pink Modern Area Rug is guaranteed to 
 be a conversation starter and a focal point in your 
 home. 
 ","Discover the enchanting Abstract Pink Violet Pink Modern Area Rug 
 – a vibrant and elegant addition to any contemporary living 
 space. Crafted with precision and designed for durability, this fade-resistant 
 rug features a captivating abstract pattern with stunning swatches of 
 pink and violet. Create a cozy and stylish atmosphere in 
 your home with this luxurious area rug that effortlessly ties 
 together your interior decor. 
 ",
abs1074,Abstract Brown Gold Modern Area Rugs,Abstract Brown Gold Modern Area Rugs - Unique and Stylish Contemporary Area Carpets in Brown and Gold Tones,"Introducing our stylish and contemporary Abstract Brown Gold Modern Area 
 Rugs! Perfectly crafted to enhance the aesthetics of any space, 
 these rugs instantly elevate your home decor to a whole 
 new level. The abstract pattern, blending brown and gold hues, 
 creates a captivating visual display that effortlessly complements both modern 
 and traditional interior themes. Constructed using high-quality materials, these area 
 rugs offer unmatched durability and comfort. They are expertly hand-tufted 
 using premium synthetic fibers, ensuring resistance to stains, fading, and 
 wear, making them perfect for high-traffic areas such as living 
 rooms, bedrooms, or offices. The dense pile construction provides a 
 soft and plush feel underfoot, offering a luxurious touch to 
 your space. With their versatile design, these modern area rugs 
 effortlessly tie together various elements of your room, serving as 
 a stylish focal point. The brown and gold color combination 
 adds warmth and depth, while the abstract pattern adds an 
 artistic flair, making these rugs a true statement piece. Available 
 in multiple size options, you can easily find the perfect 
 fit for your specific needs. Whether you're looking to update 
 your living room, bedroom, or any other space, our Abstract 
 Brown Gold Modern Area Rugs are the ideal choice. Order 
 now and transform your home into a haven of contemporary 
 elegance! 
 ","Discover our Abstract Brown Gold Modern Area Rugs, designed to 
 elevate your home decor with its captivating abstract pattern and 
 stylish blend of brown and gold hues. Hand-tufted using premium 
 materials, these durable and comfortable rugs are perfect for high-traffic 
 areas. Add a touch of modern elegance to your space 
 today! 
 ",
abs1070,Abstract Light Brown Modern Area Rugs,Light Brown Modern Abstract Area Rug,"Elevate the style and sophistication of your living space with 
 our Abstract Light Brown Modern Area Rug. Designed to bring 
 a touch of contemporary allure to any room, this rug 
 seamlessly blends modern aesthetics with luxurious comfort. The light brown 
 hue adds a warm and inviting ambiance, making it a 
 perfect addition to any home decor. Crafted with high-quality materials, 
 this modern area rug is exceptionally soft underfoot, providing unparalleled 
 comfort for everyday use. Its durable construction ensures long-lasting performance 
 and offers resistance against fading, stains, and wear, making it 
 suitable for high-traffic areas. The abstract pattern adds a captivating 
 visual interest, making it a stunning centerpiece in any room. 
 With its versatile size, this rug is ideal for various 
 spaces such as living rooms, bedrooms, and offices. Whether you 
 have a contemporary, transitional, or minimalist interior, the Abstract Light 
 Brown Modern Area Rug effortlessly complements different styles, adding a 
 touch of refinement to your space. Invest in a rug 
 that not only enhances the look of your room but 
 also stands the test of time. Experience the perfect blend 
 of style, comfort, and durability with our Abstract Light Brown 
 Modern Area Rug. 
 ","Elevate your space with our Abstract Light Brown Modern Area 
 Rug. The perfect blend of style and comfort, this high-quality 
 rug showcases a captivating abstract pattern. Adding a touch of 
 contemporary allure, it complements various home decor styles. With exceptional 
 softness and durability, the rug is ideal for high-traffic areas. 
 Explore the perfect rug to enhance the look of your 
 room. 
 ",
abs1071,Abstract Orange Brown Modern Area Rugs,Contemporary Abstract Area Rug in Vibrant Orange and Brown Tones,"The Abstract Orange Brown Modern Area Rug is a stunning 
 addition to any contemporary living space. Combining vibrant shades of 
 orange with subtle hints of brown, this rug provides a 
 striking focal point for your room. The abstract pattern adds 
 an artistic touch, creating a modern and stylish atmosphere. Crafted 
 from high-quality materials, this rug is not only visually appealing 
 but also durable and long-lasting. The soft and plush texture 
 is perfect for sinking your feet into, offering comfort and 
 coziness. Whether placed in your living room, bedroom, or dining 
 area, this rug will instantly enhance the aesthetics of your 
 space. With its versatile size of [insert dimensions], this area 
 rug can fit into various room layouts. Its non-slip backing 
 ensures stability, keeping the rug in place and preventing accidents. 
 Additionally, it is easy to clean and maintain, making it 
 ideal for high-traffic areas. Upgrade your home decor with the 
 Abstract Orange Brown Modern Area Rug. With its bold design 
 and superior quality, this rug is sure to impress your 
 guests and create an inviting ambiance in your living space. 
 ","Elevate your home decor with our Abstract Orange Brown Modern 
 Area Rug. The vibrant orange hues combined with subtle brown 
 accents create a striking and contemporary focal point for any 
 room. Crafted with durability and comfort in mind, this plush 
 rug adds an artistic touch to your space. Available in 
 [insert dimensions], it fits seamlessly into various room layouts. Shop 
 now and enhance the aesthetics of your living space with 
 this stylish rug. 
 ",
abs1072,Abstract Pink Modern Area Rugs,Abstract Pink Modern Area Rug - Contemporary Non-Slip Carpets for Unique Home Decor,"Introducing our Abstract Pink Modern Area Rugs, where sophistication meets 
 contemporary style. Crafted with utmost precision and finesse, these rugs 
 add a touch of elegance to any living space. The 
 captivating abstract design in stunning shades of pink creates a 
 visual statement that transcends traditional boundaries. Made from high-quality materials, 
 these modern area rugs are not only visually appealing but 
 also durable and long-lasting. The soft texture underfoot provides a 
 luxurious feel, making them perfect for a cozy and comfortable 
 ambiance. The pink hues effortlessly blend with various color palettes, 
 allowing for versatile styling options. Our Abstract Pink Modern Area 
 Rugs are suitable for any room in your home, be 
 it the living room, bedroom, or dining area. The contemporary 
 design enhances the overall aesthetics, making them a centerpiece of 
 attention. These rugs also offer practicality with their stain-resistant and 
 easy-to-clean properties, ensuring hassle-free maintenance and longevity. With their SEO 
 optimized design and construction, these area rugs combine aesthetics with 
 functionality, making them an ideal choice for modern homes. Elevate 
 your interior décor with our Abstract Pink Modern Area Rugs 
 and enjoy the perfect harmony of style and comfort. 
 ","Discover elegance and sophistication with our Abstract Pink Modern Area 
 Rugs. Handcrafted with precision, the captivating pink abstract design adds 
 a touch of contemporary style to any living space. Made 
 from high-quality materials, these durable rugs offer a soft texture 
 underfoot for the ultimate luxurious experience. Perfect for any room, 
 their stain-resistant properties ensure easy maintenance. Elevate your interior décor 
 with these SEO optimized modern area rugs. 
 ",
abs1076,Abstract Khaki Gold Modern Area Rugs,Abstract Khaki Gold Geometric Modern Area Rug,"Enhance the aesthetic appeal of your living space with our 
 stunning Abstract Khaki Gold Modern Area Rug. This sophisticated rug 
 features an intricate abstract design in shades of khaki and 
 gold, adding a touch of elegance to any room. Crafted 
 using high-quality materials, this rug offers durability and long-lasting performance. 
 Its soft and plush texture provides exceptional comfort underfoot, making 
 it a perfect addition to your bedroom, living room, or 
 study. Available in various sizes, our Abstract Khaki Gold Modern 
 Area Rug seamlessly complements both contemporary and traditional decor styles. 
 Elevate the visual allure of your home decor with this 
 exquisite rug today! 
 ","Elevate your home decor with our Abstract Khaki Gold Modern 
 Area Rug. Featuring an intricate abstract design in shades of 
 khaki and gold, this rug adds elegance to any room. 
 Crafted with high-quality materials for durability and comfort. Available in 
 various sizes to complement contemporary or traditional decor. Shop now! 
 Please note that search engine rankings depend on several factors, 
 including competition, website authority, and other SEO strategies. While a 
 well-crafted meta description can improve click-through rates, it's not guaranteed 
 to rank on the first page of Google. 
 ",
abs1077,Abstract Brown Gold Modern Area Rugs,Abstract Golden Brown Contemporary Area Rug,"Introducing our stunning Abstract Brown Gold Modern Area Rug, a 
 true masterpiece that effortlessly combines contemporary design with luxurious comfort. 
 Crafted with the finest quality materials, this rug showcases a 
 captivating abstract pattern in shades of brown and gold, adding 
 a touch of modern elegance to any space. Constructed using 
 a blend of premium synthetic fibers, this area rug not 
 only feels incredibly soft underfoot but also offers exceptional durability, 
 ensuring it will withstand high foot traffic areas in your 
 home or office. The intricate design features geometric shapes and 
 fluid lines, creating a unique focal point that will enhance 
 the aesthetics of any room. With its neutral color palette, 
 this modern area rug effortlessly complements a wide range of 
 interior styles, from minimalist and Scandinavian to industrial and eclectic. 
 Whether placed in your living room, bedroom, or dining area, 
 it adds a touch of sophistication and warmth to your 
 space, making it cozy and inviting. Our Abstract Brown Gold 
 Modern Area Rug is available in multiple sizes to suit 
 your specific needs, allowing you to effortlessly find the perfect 
 fit for your room. With its easy-to-clean nature, you can 
 enjoy the beauty of this rug without worrying about frequent 
 maintenance. Revitalize your living space with the timeless beauty of 
 our Abstract Brown Gold Modern Area Rug. Experience the perfect 
 fusion of style, comfort, and durability in one exquisite piece. 
 ","Elevate your space with our Abstract Brown Gold Modern Area 
 Rug. Crafted with premium materials and featuring a captivating abstract 
 design, this luxurious rug adds a touch of modern elegance 
 to any room. Durable and easy to clean, it effortlessly 
 complements various interior styles. Discover the perfect blend of style 
 and comfort today. 
 ",
abs1078,Abstract Gold Modern Area Rugs,Elegant Abstract Gold Modern Area Rugs for Stylish Home Décor,"Introducing our exquisite Abstract Gold Modern Area Rug, a true 
 masterpiece that will transform any room into a sophisticated and 
 luxurious space. Crafted with meticulous attention to detail, this rug 
 showcases a stunning abstract design in rich shades of gold, 
 creating a mesmerizing focal point. The abstract pattern features swirling 
 lines and geometric shapes, adding a sense of movement and 
 depth to your floor. Its modern aesthetic effortlessly blends with 
 a variety of interior styles, from contemporary to minimalist, making 
 it a versatile choice for any room. Made from high-quality 
 materials, our Abstract Gold Modern Area Rug is not only 
 visually striking but also durable and long-lasting. The soft and 
 plush texture provides a comforting feel underfoot, making it a 
 perfect choice for bedrooms, living rooms, and even home offices. 
 Our team of skilled artisans has carefully handcrafted every detail, 
 ensuring impeccable quality and precision. The rug's fade-resistant and stain-resistant 
 construction guarantees easy maintenance and lasting beauty even in high-traffic 
 areas. Add a touch of opulence to your space with 
 the Abstract Gold Modern Area Rug. Its captivating design and 
 superior craftsmanship make it the ideal choice for those seeking 
 a luxurious and stylish ambiance. Elevate your interior decor to 
 new heights with this statement piece. 
 ","Enhance your space with our Abstract Gold Modern Area Rug. 
 This stunning rug features a captivating abstract design in shades 
 of gold, adding a touch of sophistication to any room. 
 Handcrafted with meticulous attention to detail, this durable and luxurious 
 rug is perfect for those seeking a modern and opulent 
 ambiance. Discover elegance and style in every step with our 
 Abstract Gold Modern Area Rug. 
 ",
abs1079,Abstract Yellow Modern Area Rugs,Abstract Yellow Modern Area Accent Rug,"Bring a contemporary touch to your living space with our 
 Abstract Yellow Modern Area Rug. The vibrant yellow color and 
 abstract design make this rug a perfect addition to any 
 modern or eclectic home decor. Crafted with precision and attention 
 to detail, this rug is made from high-quality materials, ensuring 
 durability and longevity. The abstract pattern of this rug creates 
 a visually striking focal point in any room. Its warm 
 yellow hue adds a pop of color that instantly brightens 
 up your space. Whether you place it in your living 
 room, bedroom, or study, this rug will effortlessly enhance the 
 overall aesthetics of your interior. Designed with both style and 
 function in mind, this modern area rug is also highly 
 practical. Its soft and plush texture provides a comfortable surface 
 to walk on, making it ideal for high-traffic areas. The 
 stain-resistant properties make it easy to clean and maintain, ensuring 
 it retains its vibrant appearance for years to come. Our 
 Abstract Yellow Modern Area Rug is available in various sizes 
 to suit your specific needs. From small accent rugs to 
 large area rugs, you can find the perfect size to 
 fit your space seamlessly. Elevate your home decor with this 
 stunning and versatile rug. 
 ","Brighten up your living space with our Abstract Yellow Modern 
 Area Rug. The vibrant yellow color and abstract design make 
 it a perfect addition to any modern home. Crafted from 
 high-quality materials, this durable and plush rug is not only 
 visually striking but also practical. Available in various sizes. 
 ",
